{
  "issue": "SOT-1898",
  "n_games": 2,
  "seed": 189800,
  "search_wins": 1,
  "champion_wins": 1,
  "draws": 0,
  "decided": 2,
  "search_win_rate": 0.5,
  "search_win_rate_ci95": [
    0.09452865480086611,
    0.905471345199134
  ],
  "faults": {
    "search_driven": 0,
    "champion": 0
  },
  "search_activation_rate": 0.8205128205128205,
  "search_ms_max": 1500.9473944082856,
  "per_move_budget_ms": 5000.0,
  "within_budget": true
}