{
  "policy": "eval/sot1855_policy_candidate.json",
  "n_per_matchup": 200,
  "seed": 20260722,
  "results": {
    "random": {
      "opponent": "random",
      "n": 200,
      "ppo_wins": 155,
      "opponent_wins": 45,
      "draws": 0,
      "undecided": 0,
      "ppo_win_rate": 0.775,
      "ci95_low": 0.7122587676433947,
      "ci95_high": 0.8273763028491088,
      "ppo_faults": 0,
      "opponent_faults": 0,
      "ppo_fault_categories": {},
      "ppo_latency": {
        "n_decisions": 5142,
        "mean_ms": 0.7412060809067046,
        "p50_ms": 0.6300602108240128,
        "p95_ms": 1.5564655652269719,
        "p99_ms": 1.9062033528462057,
        "max_ms": 3.342605195939541
      },
      "run_dir": "eval/arena_runs/bench_ppo_vs_random_n200"
    },
    "rule": {
      "opponent": "rule",
      "n": 200,
      "ppo_wins": 42,
      "opponent_wins": 158,
      "draws": 0,
      "undecided": 0,
      "ppo_win_rate": 0.21,
      "ci95_low": 0.15928412069979,
      "ci95_high": 0.2716461685990246,
      "ppo_faults": 0,
      "opponent_faults": 0,
      "ppo_fault_categories": {},
      "ppo_latency": {
        "n_decisions": 3002,
        "mean_ms": 0.6192450017310297,
        "p50_ms": 0.5487129092216492,
        "p95_ms": 1.1707220925018191,
        "p99_ms": 1.6391215892508622,
        "max_ms": 3.726556897163391
      },
      "run_dir": "eval/arena_runs/bench_ppo_vs_rule_n200"
    }
  },
  "passed": true
}