{
  "policy": "/workspaces/ptcg-agent-ume/data/policy.json",
  "opponent": "rule",
  "n": 100,
  "seed": 170800,
  "time_limit_s": 0.6,
  "temperature": 0.15,
  "per_move_timeout_s": 5.0,
  "final_wins": 48,
  "opponent_wins": 52,
  "draws": 0,
  "undecided": 0,
  "final_win_rate": 0.48,
  "ci95_low": 0.384645517580519,
  "ci95_high": 0.5768342223477603,
  "final_faults": 0,
  "opponent_faults": 0,
  "final_fault_categories": {},
  "latency_final": {
    "n_decisions": 1649,
    "mean_ms": 412.57521658703763,
    "p50_ms": 600.8973990101367,
    "p95_ms": 601.3158992864192,
    "p99_ms": 601.484564896673,
    "max_ms": 619.9826789088547
  },
  "latency_opponent": {
    "n_decisions": 1763,
    "mean_ms": 0.09482049198860278,
    "p50_ms": 0.08750101551413536,
    "p95_ms": 0.15590267721563578,
    "p99_ms": 0.21016441285610155,
    "max_ms": 0.3652889281511307
  },
  "harness_stats": {
    "decisions": 1649,
    "candidates": 5756,
    "invalid_candidates": 0,
    "decided_by": {
      "mcts": 113,
      "policy_sample": 1527,
      "rule_tiebreak": 9
    }
  },
  "mcts_stats": {
    "decisions": 1649,
    "eligible": 1356,
    "activations": 1167,
    "activation_rate": 0.7077016373559734,
    "searched": 1142,
    "overrides": 113,
    "failures": 25,
    "determinizations_ok": 3376,
    "determinizations_failed": 125,
    "simulations": 497195,
    "search_ms_mean": 582.2943958416724,
    "search_ms_max": 601.1021852027625
  },
  "run_dir": "eval/arena_runs/bench_final_vs_rule_n100_s170800",
  "promote": false,
  "passed": true
}